{"cameraMode":{"drawMode":0,"name":"Shaded","section":"Shading Mode"},"sceneLighting":true,"audioPlay":false,"sceneViewState":{"showFog":true,"showMaterialUpdate":false,"showSkybox":true,"showFlares":true,"showImageEffects":true,"showParticleSystems":true},"in2DMode":false,"pivot":{"x":106.64445495605469,"y":22.00953483581543,"z":80.60286712646485},"rotation":{"x":0.3775460422039032,"y":-0.39883092045783999,"z":0.18475466966629029,"w":0.8150206804275513},"size":24.0805606842041,"orthographic":true}