{"cameraMode":{"drawMode":0,"name":"Shaded","section":"Shading Mode"},"sceneLighting":true,"audioPlay":false,"sceneViewState":{"showFog":true,"showMaterialUpdate":false,"showSkybox":true,"showFlares":true,"showImageEffects":true,"showParticleSystems":true},"in2DMode":false,"pivot":{"x":80.55375671386719,"y":20.14280891418457,"z":58.670448303222659},"rotation":{"x":0.5361330509185791,"y":-0.2081061154603958,"z":0.1383814811706543,"w":0.8062901496887207},"size":58.31786346435547,"orthographic":true}