{"cameraMode":{"drawMode":0,"name":"Shaded","section":"Shading Mode"},"sceneLighting":true,"audioPlay":false,"sceneViewState":{"showFog":true,"showMaterialUpdate":false,"showSkybox":true,"showFlares":true,"showImageEffects":true,"showParticleSystems":true},"in2DMode":false,"pivot":{"x":35.97018051147461,"y":16.36311912536621,"z":47.02912139892578},"rotation":{"x":0.10486593842506409,"y":-0.5990519523620606,"z":0.07953738421201706,"w":0.7898188233375549},"size":47.39598083496094,"orthographic":false}