{"cameraMode":{"drawMode":0,"name":"Shaded","section":"Shading Mode"},"sceneLighting":true,"audioPlay":false,"sceneViewState":{"showFog":true,"showMaterialUpdate":false,"showSkybox":true,"showFlares":true,"showImageEffects":true,"showParticleSystems":true},"in2DMode":false,"pivot":{"x":-6.67718505859375,"y":88.35260772705078,"z":93.13883209228516},"rotation":{"x":0.09243283420801163,"y":-0.6262443661689758,"z":0.07512972503900528,"w":0.7704736590385437},"size":204.1475830078125,"orthographic":false}