{"cameraMode":{"drawMode":0,"name":"Shaded","section":"Shading Mode"},"sceneLighting":true,"audioPlay":false,"sceneViewState":{"showFog":true,"showMaterialUpdate":true,"showSkybox":true,"showFlares":true,"showImageEffects":true,"showParticleSystems":true},"in2DMode":false,"pivot":{"x":64.42568969726563,"y":25.520206451416017,"z":28.978801727294923},"rotation":{"x":0.3666188418865204,"y":-0.20000137388706208,"z":0.08102122694253922,"w":0.9050003886222839},"size":11.128165245056153,"orthographic":false}