{"cameraMode":{"drawMode":0,"name":"Shaded","section":"Shading Mode"},"sceneLighting":true,"audioPlay":false,"sceneViewState":{"showFog":true,"showMaterialUpdate":true,"showSkybox":true,"showFlares":true,"showImageEffects":true,"showParticleSystems":true},"in2DMode":false,"pivot":{"x":59.71379089355469,"y":26.735088348388673,"z":29.4659423828125},"rotation":{"x":0.07752975821495056,"y":-0.5038295388221741,"z":0.04546748846769333,"w":0.8591145277023315},"size":16.715898513793947,"orthographic":false}