{"cameraMode":{"drawMode":0,"name":"Shaded","section":"Shading Mode"},"sceneLighting":true,"audioPlay":false,"sceneViewState":{"showFog":true,"showMaterialUpdate":true,"showSkybox":true,"showFlares":true,"showImageEffects":true,"showParticleSystems":true},"in2DMode":false,"pivot":{"x":63.75756072998047,"y":25.17325782775879,"z":33.47016143798828},"rotation":{"x":-0.3392618000507355,"y":0.3614625036716461,"z":-0.17428641021251679,"w":-0.8508058786392212},"size":10.600000381469727,"orthographic":true}