{"cameraMode":{"drawMode":0,"name":"Shaded","section":"Shading Mode"},"sceneLighting":true,"audioPlay":false,"sceneViewState":{"showFog":true,"showMaterialUpdate":true,"showSkybox":true,"showFlares":true,"showImageEffects":true,"showParticleSystems":true},"in2DMode":false,"pivot":{"x":62.28065490722656,"y":22.64767074584961,"z":30.18453025817871},"rotation":{"x":0.1806468367576599,"y":-0.41164344549179079,"z":0.08361471444368363,"w":0.8893396854400635},"size":5.450615882873535,"orthographic":true}