{"cameraMode":{"drawMode":0,"name":"Shaded","section":"Shading Mode"},"sceneLighting":true,"audioPlay":false,"sceneViewState":{"showFog":true,"showMaterialUpdate":true,"showSkybox":true,"showFlares":true,"showImageEffects":true,"showParticleSystems":true},"in2DMode":false,"pivot":{"x":62.97502136230469,"y":24.183563232421876,"z":31.336753845214845},"rotation":{"x":-0.3392618000507355,"y":0.3614625036716461,"z":-0.17428641021251679,"w":-0.8508058786392212},"size":10.600000381469727,"orthographic":false}