{"cameraMode":{"drawMode":0,"name":"Shaded","section":"Shading Mode"},"sceneLighting":true,"audioPlay":false,"sceneViewState":{"showFog":true,"showMaterialUpdate":true,"showSkybox":true,"showFlares":true,"showImageEffects":true,"showParticleSystems":true},"in2DMode":false,"pivot":{"x":76.6369857788086,"y":26.95211410522461,"z":28.44544792175293},"rotation":{"x":-0.17281822860240937,"y":0.32136812806129458,"z":-0.059774331748485568,"w":-0.9291305541992188},"size":45.189083099365237,"orthographic":false}