{"cameraMode":{"drawMode":0,"name":"Shaded","section":"Shading Mode"},"sceneLighting":true,"audioPlay":false,"sceneViewState":{"showFog":true,"showMaterialUpdate":true,"showSkybox":true,"showFlares":true,"showImageEffects":true,"showParticleSystems":true},"in2DMode":false,"pivot":{"x":61.04381561279297,"y":24.468929290771486,"z":28.06558609008789},"rotation":{"x":0.03511873632669449,"y":-0.4340931177139282,"z":0.01693822257220745,"w":0.900023877620697},"size":5.774528980255127,"orthographic":true}